INSERT INTO PUBLIC.OCSITE(URN, CREATED, EMAIL, KEY, RELATED, UPDATED) VALUES
('urn:oc:site:aarhus', 1469621204581, 'contact@aarhus.dk', 'aarhus', 'Aarhus is...', 1469621204581),
('urn:oc:site:london', 1469621204723, 'contact@london.uk', 'london', 'london is...', 1469621204723),
('urn:oc:site:santander', 1469621204730, 'contact@santander.es', 'santander', 'santander is...', 1469621204730),
('urn:oc:site:provider', 1469621204735, 'contact@provider.dk', 'provider', 'provider is...', 1469621204735),
('urn:oc:site:experimenter', 1469621204741, 'contact@experimenter.dk', 'experimenter', 'experimenter is...', 1469621204741);


INSERT INTO PUBLIC.OCSERVICE(URN, CREATED, DESCRIPTION, KEY, RELATED, UPDATED, SITE_URN) VALUES
('urn:oc:site:aarhus:aarhussrvice1', 1469621204720, NULL, 'aarhussrvice1', NULL, 1469621204720, 'urn:oc:site:aarhus'),
('urn:oc:site:london:londonservice1', 1469621204727, NULL, 'londonservice1', NULL, 1469621204727, 'urn:oc:site:london'),
('urn:oc:site:santander:santanderservice1', 1469621204733, NULL, 'santanderservice1', NULL, 1469621204733, 'urn:oc:site:santander'),
('urn:oc:site:provider:provider', 1469621204738, NULL, 'provider', NULL, 1469621204738, 'urn:oc:site:provider'),
('urn:oc:site:experimenter:experimenter', 1469621204744, NULL, 'experimenter', NULL, 1469621204744, 'urn:oc:site:experimenter');


INSERT INTO PUBLIC.OCDATA_TYPE(URN, KEY, NAME) VALUES
('urn:oc:dataType:url', 'url', 'url'),
('urn:oc:dataType:numeric', 'numeric', 'numeric');


INSERT INTO PUBLIC.OCUNIT(URN, DESCRIPTION, KEY, NAME, RELATED, DATATYPE_URN) VALUES
('urn:oc:uom:bar', NULL, 'bar', 'bar', NULL, 'urn:oc:dataType:numeric'),
('urn:oc:uom:centibar', NULL, 'centibar', 'centibar', NULL, 'urn:oc:dataType:numeric'),
('urn:oc:uom:decibel', NULL, 'decibel', 'decibel', NULL, 'urn:oc:dataType:numeric'),
('urn:oc:uom:degreeAngle', NULL, 'degreeAngle', 'degreeAngle', NULL, 'urn:oc:dataType:numeric'),
('urn:oc:uom:degreeCelsius', NULL, 'degreeCelsius', 'degreeCelsius', NULL, 'urn:oc:dataType:numeric'),
('urn:oc:uom:index', NULL, 'index', 'index', NULL, 'urn:oc:dataType:numeric'),
('urn:oc:uom:kilogram', NULL, 'kilogram', 'kilogram', NULL, 'urn:oc:dataType:numeric'),
('urn:oc:uom:kilometrePerHour', NULL, 'kilometrePerHour', 'kilometrePerHour', NULL, 'urn:oc:dataType:numeric'),
('urn:oc:uom:kilometre', NULL, 'kilometre', 'kilometre', NULL, 'urn:oc:dataType:numeric'),
('urn:oc:uom:litrePer100Kilometres', NULL, 'litrePer100Kilometres', 'litrePer100Kilometres', NULL, 'urn:oc:dataType:numeric'),
('urn:oc:uom:litre', NULL, 'litre', 'litre', NULL, 'urn:oc:dataType:numeric'),
('urn:oc:uom:lumen', NULL, 'lumen', 'lumen', NULL, 'urn:oc:dataType:numeric'),
('urn:oc:uom:lux', NULL, 'lux', 'lux', NULL, 'urn:oc:dataType:numeric'),
('urn:oc:uom:metre', NULL, 'metre', 'metre', NULL, 'urn:oc:dataType:numeric'),
('urn:oc:uom:microgramPerCubicMetre', NULL, 'microgramPerCubicMetre', 'microgramPerCubicMetre', NULL, 'urn:oc:dataType:numeric'),
('urn:oc:uom:milligramPerCubicMetre', NULL, 'milligramPerCubicMetre', 'milligramPerCubicMetre', NULL, 'urn:oc:dataType:numeric'),
('urn:oc:uom:millimetrePerHour', NULL, 'millimetrePerHour', 'millimetrePerHour', NULL, 'urn:oc:dataType:numeric'),
('urn:oc:uom:millivoltPerMetre', NULL, 'millivoltPerMetre', 'millivoltPerMetre', NULL, 'urn:oc:dataType:numeric'),
('urn:oc:uom:percent', NULL, 'percent', 'percent', NULL, 'urn:oc:dataType:numeric'),
('urn:oc:uom:revolutionPerMinute', NULL, 'revolutionPerMinute', 'revolutionPerMinute', NULL, 'urn:oc:dataType:numeric'),
('urn:oc:uom:vehiclePerMinute', NULL, 'vehiclePerMinute', 'vehiclePerMinute', NULL, 'urn:oc:dataType:numeric'),
('urn:oc:uom:wattPerSquareMetre', NULL, 'wattPerSquareMetre', 'wattPerSquareMetre', NULL, 'urn:oc:dataType:numeric');


INSERT INTO PUBLIC.OCATTRIBUTE_TYPE(URN, DESCRIPTION, KEY, NAME, RELATED) VALUES
('urn:oc:attributeType:batteryLevel', NULL, 'batteryLevel', 'batteryLevel', NULL),
('urn:oc:attributeType:chemicalAgentAtmosphericConcentration:airParticles', NULL, 'chemicalAgentAtmosphericConcentration:airParticles', 'chemicalAgentAtmosphericConcentration:airParticles', NULL),
('urn:oc:attributeType:chemicalAgentAtmosphericConcentration:CO', NULL, 'chemicalAgentAtmosphericConcentration:CO', 'chemicalAgentAtmosphericConcentration:CO', NULL),
('urn:oc:attributeType:chemicalAgentAtmosphericConcentration:NO2', NULL, 'chemicalAgentAtmosphericConcentration:NO2', 'chemicalAgentAtmosphericConcentration:NO2', NULL),
('urn:oc:attributeType:chemicalAgentAtmosphericConcentration:O3', NULL, 'chemicalAgentAtmosphericConcentration:O3', 'chemicalAgentAtmosphericConcentration:O3', NULL),
('urn:oc:attributeType:chemicalAgentAtmosphericConcentration:SO2', NULL, 'chemicalAgentAtmosphericConcentration:SO2', 'chemicalAgentAtmosphericConcentration:SO2', NULL),
('urn:oc:attributeType:direction:azimuth', NULL, 'direction:azimuth', 'direction:azimuth', NULL),
('urn:oc:attributeType:direction:heading', NULL, 'direction:heading', 'direction:heading', NULL),
('urn:oc:attributeType:electricField:1800mhz', NULL, 'electricField:1800mhz', 'electricField:1800mhz', NULL),
('urn:oc:attributeType:electricField:2100mhz', NULL, 'electricField:2100mhz', 'electricField:2100mhz', NULL),
('urn:oc:attributeType:electricField:2400mhz', NULL, 'electricField:2400mhz', 'electricField:2400mhz', NULL),
('urn:oc:attributeType:electricField:900mhz', NULL, 'electricField:900mhz', 'electricField:900mhz', NULL),
('urn:oc:attributeType:fillLevel:gasTank', NULL, 'fillLevel:gasTank', 'fillLevel:gasTank:1', NULL),
('urn:oc:attributeType:fillLevel:wasteContainer', NULL, 'fillLevel:wasteContainer', 'fillLevel:wasteContainer', NULL),
('urn:oc:attributeType:fuelConsumption:instantaneous', NULL, 'fuelConsumption:instantaneous', 'fuelConsumption:instantaneous', NULL),
('urn:oc:attributeType:fuelConsumption:total', NULL, 'fuelConsumption:total', 'fuelConsumption:total', NULL),
('urn:oc:attributeType:illuminance', NULL, 'illuminance', 'illuminance', NULL),
('urn:oc:attributeType:luminosity', NULL, 'luminosity', 'luminosity', NULL),
('urn:oc:attributeType:mass', NULL, 'mass', 'mass', NULL),
('urn:oc:attributeType:mileage:distanceToService', NULL, 'mileage:distanceToService', 'mileage:distanceToService', NULL),
('urn:oc:attributeType:mileage:total', NULL, 'mileage:total', 'mileage:total', NULL),
('urn:oc:attributeType:motionState:vehicle', NULL, 'motionState:vehicle', 'motionState:vehicle', NULL),
('urn:oc:attributeType:odometer', NULL, 'odometer', 'odometer', NULL),
('urn:oc:attributeType:position:altitude', NULL, 'position:altitude', 'position:altitude', NULL),
('urn:oc:attributeType:position:latitude', NULL, 'position:latitude', 'position:latitude', NULL),
('urn:oc:attributeType:position:longitude', NULL, 'position:longitude', 'position:longitude', NULL),
('urn:oc:attributeType:presenceState:driverCard', NULL, 'presenceState:driverCard', 'presenceState:driverCard:1', NULL),
('urn:oc:attributeType:presenceState:emergencyVehicle', NULL, 'presenceState:emergencyVehicle', 'presenceState:emergencyVehicle', NULL),
('urn:oc:attributeType:presenceState:parking', NULL, 'presenceState:parking', 'presenceState:parking', NULL),
('urn:oc:attributeType:presenceState:people', NULL, 'presenceState:people', 'presenceState:people', NULL),
('urn:oc:attributeType:pressure:atmospheric', NULL, 'pressure:atmospheric', 'atmosphericPressure', NULL),
('urn:oc:attributeType:rainfall', NULL, 'rainfall', 'rainfall', NULL),
('urn:oc:attributeType:relativeHumidity', NULL, 'relativeHumidity', 'relativeHumidity', NULL),
('urn:oc:attributeType:roadOccupancy', NULL, 'roadOccupancy', 'roadOccupancy', NULL),
('urn:oc:attributeType:rotationalSpeed:engine', NULL, 'rotationalSpeed:engine', 'rotationalSpeed:engine', NULL),
('urn:oc:attributeType:soilMoistureTension', NULL, 'soilMoistureTension', 'soilMoistureTension', NULL),
('urn:oc:attributeType:solarRadiation', NULL, 'solarRadiation', 'solarRadiation', NULL);
INSERT INTO PUBLIC.OCATTRIBUTE_TYPE(URN, DESCRIPTION, KEY, NAME, RELATED) VALUES
('urn:oc:attributeType:soundPressureLevel:ambient', NULL, 'soundPressureLevel:ambient', 'soundPressureLevel:ambient', NULL),
('urn:oc:attributeType:speed', NULL, 'speed', 'speed:average', NULL),
('urn:oc:attributeType:temperature:ambient', NULL, 'temperature:ambient', 'temperature:ambient', NULL),
('urn:oc:attributeType:temperature:device', NULL, 'temperature:device', 'temperature:device', NULL),
('urn:oc:attributeType:temperature:engine', NULL, 'temperature:engine', 'temperature:engine', NULL),
('urn:oc:attributeType:temperature:soil', NULL, 'temperature:soil', 'temperature:soil', NULL),
('urn:oc:attributeType:temperature:wasteContainer', NULL, 'temperature:wasteContainer', 'temperature:wasteContainer', NULL),
('urn:oc:attributeType:timeRelatedState:driver', NULL, 'timeRelatedState:driver', 'timeRelatedState:driver:1', NULL),
('urn:oc:attributeType:trafficCongestion', NULL, 'trafficCongestion', 'trafficCongestion', NULL),
('urn:oc:attributeType:trafficIntensity', NULL, 'trafficIntensity', 'trafficIntensity', NULL),
('urn:oc:attributeType:vehicleOverspeedState', NULL, 'vehicleOverspeedState', 'vehicleOverspeedState', NULL),
('urn:oc:attributeType:windDirection', NULL, 'windDirection', 'windDirection', NULL),
('urn:oc:attributeType:windSpeed', NULL, 'windSpeed', 'windSpeed', NULL),
('urn:oc:attributeType:workingState:driver', NULL, 'workingState:driver', 'workingState:driver:1', NULL);


INSERT INTO PUBLIC.OCATTRIBUTE_TYPE_UNITS(ATTRIBUTES_URN, UNITS_URN) VALUES
('urn:oc:attributeType:batteryLevel', 'urn:oc:uom:percent'),
('urn:oc:attributeType:chemicalAgentAtmosphericConcentration:airParticles', 'urn:oc:uom:milligramPerCubicMetre'),
('urn:oc:attributeType:chemicalAgentAtmosphericConcentration:CO', 'urn:oc:uom:milligramPerCubicMetre'),
('urn:oc:attributeType:chemicalAgentAtmosphericConcentration:NO2', 'urn:oc:uom:microgramPerCubicMetre'),
('urn:oc:attributeType:chemicalAgentAtmosphericConcentration:O3', 'urn:oc:uom:microgramPerCubicMetre'),
('urn:oc:attributeType:chemicalAgentAtmosphericConcentration:SO2', 'urn:oc:uom:microgramPerCubicMetre'),
('urn:oc:attributeType:direction:azimuth', 'urn:oc:uom:degreeAngle'),
('urn:oc:attributeType:direction:heading', 'urn:oc:uom:index'),
('urn:oc:attributeType:electricField:1800mhz', 'urn:oc:uom:millivoltPerMetre'),
('urn:oc:attributeType:electricField:2100mhz', 'urn:oc:uom:millivoltPerMetre'),
('urn:oc:attributeType:electricField:2400mhz', 'urn:oc:uom:millivoltPerMetre'),
('urn:oc:attributeType:electricField:900mhz', 'urn:oc:uom:millivoltPerMetre'),
('urn:oc:attributeType:fillLevel:gasTank', 'urn:oc:uom:percent'),
('urn:oc:attributeType:fillLevel:wasteContainer', 'urn:oc:uom:percent'),
('urn:oc:attributeType:fuelConsumption:instantaneous', 'urn:oc:uom:litrePer100Kilometres'),
('urn:oc:attributeType:fuelConsumption:total', 'urn:oc:uom:litre'),
('urn:oc:attributeType:illuminance', 'urn:oc:uom:lux'),
('urn:oc:attributeType:luminosity', 'urn:oc:uom:lumen'),
('urn:oc:attributeType:mass', 'urn:oc:uom:kilogram'),
('urn:oc:attributeType:mileage:distanceToService', 'urn:oc:uom:kilometre'),
('urn:oc:attributeType:mileage:total', 'urn:oc:uom:metre'),
('urn:oc:attributeType:motionState:vehicle', 'urn:oc:uom:index'),
('urn:oc:attributeType:odometer', 'urn:oc:uom:kilometre'),
('urn:oc:attributeType:position:altitude', 'urn:oc:uom:metre'),
('urn:oc:attributeType:position:latitude', 'urn:oc:uom:degreeAngle'),
('urn:oc:attributeType:position:longitude', 'urn:oc:uom:degreeAngle'),
('urn:oc:attributeType:presenceState:driverCard', 'urn:oc:uom:index'),
('urn:oc:attributeType:presenceState:emergencyVehicle', 'urn:oc:uom:index'),
('urn:oc:attributeType:presenceState:parking', 'urn:oc:uom:index'),
('urn:oc:attributeType:presenceState:people', 'urn:oc:uom:index'),
('urn:oc:attributeType:pressure:atmospheric', 'urn:oc:uom:bar'),
('urn:oc:attributeType:rainfall', 'urn:oc:uom:millimetrePerHour'),
('urn:oc:attributeType:relativeHumidity', 'urn:oc:uom:percent'),
('urn:oc:attributeType:roadOccupancy', 'urn:oc:uom:percent'),
('urn:oc:attributeType:rotationalSpeed:engine', 'urn:oc:uom:revolutionPerMinute'),
('urn:oc:attributeType:soilMoistureTension', 'urn:oc:uom:centibar'),
('urn:oc:attributeType:solarRadiation', 'urn:oc:uom:wattPerSquareMetre'),
('urn:oc:attributeType:soundPressureLevel:ambient', 'urn:oc:uom:decibel'),
('urn:oc:attributeType:speed', 'urn:oc:uom:kilometrePerHour'),
('urn:oc:attributeType:temperature:ambient', 'urn:oc:uom:degreeCelsius'),
('urn:oc:attributeType:temperature:device', 'urn:oc:uom:degreeCelsius'),
('urn:oc:attributeType:temperature:engine', 'urn:oc:uom:degreeCelsius'),
('urn:oc:attributeType:temperature:soil', 'urn:oc:uom:degreeCelsius'),
('urn:oc:attributeType:temperature:wasteContainer', 'urn:oc:uom:degreeCelsius'),
('urn:oc:attributeType:timeRelatedState:driver', 'urn:oc:uom:index'),
('urn:oc:attributeType:trafficCongestion', 'urn:oc:uom:index'),
('urn:oc:attributeType:trafficIntensity', 'urn:oc:uom:index'),
('urn:oc:attributeType:trafficIntensity', 'urn:oc:uom:vehiclePerMinute'),
('urn:oc:attributeType:vehicleOverspeedState', 'urn:oc:uom:index'),
('urn:oc:attributeType:windDirection', 'urn:oc:uom:degreeAngle'),
('urn:oc:attributeType:windSpeed', 'urn:oc:uom:kilometrePerHour'),
('urn:oc:attributeType:workingState:driver', 'urn:oc:uom:index');


INSERT INTO PUBLIC.OCTOOL(URN, DESCRIPTION, KEY, NAME, URL) VALUES
('urn:oc:tool:eventbus', 'eventbus is a nice tool', 'eventbus', 'EventBus', 'http://www.eventbus.com'),
('urn:oc:tool:sensinact', 'sensinact is a nice tool', 'sensinact', 'SensiNact', 'http://www.sensinact.com'),
('urn:oc:tool:websocket', 'websocket is a nice tool', 'websocket', 'Web Socket', 'http://www.websocket.com'),
('urn:oc:tool:smartphoneexperiment', 'smartphone experiment is a nice tool', 'smartphoneexperiment', 'smartphone experiment', 'http://www.smartphone.com'),
('urn:oc:tool:tsmart', 'TSmarT is a nice tool', 'tsmart', 'TSmarT', 'http://www.TSmarT.com'),
('urn:oc:tool:tinkerspace', 'tinkerspace is a nice tool', 'tinkerspace', 'TinkerSpace', 'http://www.tinkerspace.com');


INSERT INTO PUBLIC.OCAPP_TYPE(URN, DESCRIPTION, KEY) VALUES
('urn:oc:apptype:desktop', 'desktop application type', 'desktop'),
('urn:oc:apptype:mobile', 'mobile application type', 'mobile'),
('urn:oc:apptype:web', 'web application type', 'web');
